{"cameraMode":{"drawMode":0,"name":"Shaded","section":"Shading Mode"},"sceneLighting":true,"audioPlay":false,"sceneViewState":{"showFog":false,"showMaterialUpdate":true,"showSkybox":true,"showFlares":true,"showImageEffects":true,"showParticleSystems":true},"in2DMode":false,"pivot":{"x":278.64923095703127,"y":-271.9622802734375,"z":-933.9772338867188},"rotation":{"x":-0.017757223919034005,"y":-0.9809213280677795,"z":0.14573772251605988,"w":-0.1290426105260849},"size":503.45404052734377,"orthographic":false}