{"cameraMode":{"drawMode":0,"name":"Shaded","section":"Shading Mode"},"sceneLighting":true,"audioPlay":false,"sceneViewState":{"showFog":true,"showMaterialUpdate":false,"showSkybox":true,"showFlares":true,"showImageEffects":true,"showParticleSystems":true},"in2DMode":false,"pivot":{"x":18.872486114501954,"y":56.46414566040039,"z":-131.3953857421875},"rotation":{"x":-0.014476699754595757,"y":-0.9411652684211731,"z":0.3404868245124817,"w":-0.053494200110435489},"size":40.82368469238281,"orthographic":false}