{"cameraMode":{"drawMode":0,"name":"Shaded","section":"Shading Mode"},"sceneLighting":true,"audioPlay":false,"sceneViewState":{"showFog":true,"showMaterialUpdate":false,"showSkybox":true,"showFlares":true,"showImageEffects":true,"showParticleSystems":true},"in2DMode":false,"pivot":{"x":46.306182861328128,"y":-24.626548767089845,"z":-11.867904663085938},"rotation":{"x":-0.1421825885772705,"y":0.6267359852790833,"z":-0.12118060886859894,"w":-0.7571756839752197},"size":92.62844848632813,"orthographic":false}