{"cameraMode":{"drawMode":0,"name":"Shaded","section":"Shading Mode"},"sceneLighting":true,"audioPlay":false,"sceneViewState":{"showFog":true,"showMaterialUpdate":false,"showSkybox":true,"showFlares":true,"showImageEffects":true,"showParticleSystems":true},"in2DMode":false,"pivot":{"x":97.88226318359375,"y":14.380491256713868,"z":-7.462289810180664},"rotation":{"x":-0.08875393867492676,"y":0.8994369506835938,"z":-0.2161186784505844,"w":-0.3694028854370117},"size":28.088436126708986,"orthographic":false}