{"cameraMode":{"drawMode":0,"name":"Shaded","section":"Shading Mode"},"sceneLighting":true,"audioPlay":false,"sceneViewState":{"showFog":true,"showMaterialUpdate":false,"showSkybox":true,"showFlares":true,"showImageEffects":true,"showParticleSystems":true},"in2DMode":false,"pivot":{"x":9.414223670959473,"y":7.413093566894531,"z":-17.28999900817871},"rotation":{"x":-0.056787729263305667,"y":0.9060636162757874,"z":-0.12888789176940919,"w":-0.3990745544433594},"size":2.252072811126709,"orthographic":false}