{"cameraMode":{"drawMode":0,"name":"Shaded","section":"Shading Mode"},"sceneLighting":true,"audioPlay":false,"sceneViewState":{"showFog":true,"showMaterialUpdate":false,"showSkybox":true,"showFlares":true,"showImageEffects":true,"showParticleSystems":true},"in2DMode":false,"pivot":{"x":-389.08416748046877,"y":-169.3556365966797,"z":96.80029296875},"rotation":{"x":0.16308170557022096,"y":-0.6037138104438782,"z":0.1279941350221634,"w":0.7698644995689392},"size":226.87686157226563,"orthographic":false}